{
  "round": "round8_next30_145train",
  "validated_at": "2026-06-29T20:50:45.645060+00:00",
  "encoding_output_dir": "friends/analysis/train_size_sweep_20260629_round8/encoding_145train_10test_snapshot",
  "group_summary": "friends/analysis/train_size_sweep_20260629_round8/encoding_145train_10test_snapshot/group_summary.json",
  "encoding_metadata": "friends/analysis/train_size_sweep_20260629_round8/encoding_145train_10test_snapshot/encoding_metadata.json",
  "manifest_split_counts": {
    "train": 145,
    "val": 5,
    "test": 10
  },
  "train_size": 145,
  "val_size": 5,
  "test_size": 10,
  "n_subjects": 1,
  "primary_metric": "mean_subject_mean_test_pearson",
  "mean_subject_mean_test_pearson": 0.22569421197201892,
  "median_subject_mean_test_pearson": 0.22569421197201892,
  "mean_subject_median_test_pearson": 0.2169218306504591,
  "best_alpha": 10000.0,
  "n_retained_parcels": 86,
  "n_test_trs": 4467,
  "roi_mean_test_pearson": {
    "ACC": 0.19495422155578407,
    "AG": 0.26971816489957756,
    "DLPFC": 0.23197828292392816,
    "FFA": 0.25196811055165863,
    "IPL": 0.2826253089168173,
    "Insula": 0.2141306607043293,
    "OFC": 0.21206276449516384,
    "PCC": 0.23867332631627994,
    "Precuneus": 0.1779451444135612,
    "SMG": 0.295532452934057,
    "TPJ": 0.26842138191142856,
    "Temporal_Pole": 0.21446811267629573,
    "VMPFC": 0.2021541316378618,
    "pSTS": 0.21006009744189816
  },
  "status": "passed"
}
